income,savings,expenditure,debt,investment,financial_health
137301,39850,28649,3771,1569,1
36415,46401,36493,1199,14009,1
67195,7163,40014,3136,18566,0
52279,7563,12499,29726,16001,1
22931,44806,39390,2645,8024,0
93643,12394,15399,7928,7787,0
46319,28960,27415,17808,6696,0
44603,28911,13806,23104,7425,0
49750,18147,37675,29046,16339,1
24870,36630,47988,4085,3707,1
103287,37558,41528,15999,4665,1
136538,49688,47167,4186,17115,0
70606,42087,49059,20374,14353,1
140521,15681,19864,19572,1020,0
145043,32517,28833,23947,1354,0
68726,28428,44245,9337,17999,1
44770,5267,15404,23672,18675,1
52390,29047,41022,21958,7613,0
52571,27344,35570,21761,1725,1
23995,41377,40018,21783,15198,0
27464,49541,44509,15255,14431,0
43617,5956,24035,10222,1462,0
91315,11722,19362,17516,12187,1
47294,45983,17252,22485,1187,0
22496,14416,47815,7428,13767,1
126153,28683,24864,2408,3125,0
132828,33656,24477,24273,10049,0
119908,29723,21597,7602,2054,0
87509,48843,19840,12641,4327,0
146442,45284,49665,28640,16125,1
97182,42081,19070,3857,11861,1
116801,5599,22083,5018,16964,0
130525,15325,46469,21305,19505,1
119554,43566,20283,18578,15640,0
148823,19567,29251,10715,1989,0
139962,15142,48544,18923,17720,1
71300,13789,35656,14714,18280,0
53878,23396,19751,9656,6352,0
53839,11020,14960,10701,11064,0
95340,16530,30041,18221,5820,1
83354,30234,49748,20432,4255,1
36027,48355,49168,6219,16137,0
127036,49482,18062,10518,6297,1
98055,38756,29729,21689,19863,1
108749,13412,21516,9180,7570,1
23735,10551,43214,18591,15224,1
119848,34963,42166,9894,6461,0
132637,13456,12892,5985,7230,1
62572,24304,39071,29252,8387,1
49689,34295,16540,6336,2459,0
40175,12157,21738,23327,3451,1
148478,23165,24699,27211,8323,1
30410,33838,35716,13654,1922,1
141358,14698,43917,8895,3050,1
121221,36731,14940,1011,15827,0
66316,18157,45052,20920,3878,0
40853,8351,46295,21521,1957,1
105188,5340,12658,12420,13080,0
99172,17383,10766,2548,3572,1
120397,41302,23452,19240,14856,1
37103,17244,46490,9336,7989,0
47168,40613,42302,4450,12677,1
49081,9790,10983,16314,6181,1
93462,9330,29818,24817,8594,0
84496,41182,42268,28441,13610,0
79113,21067,19659,26831,9422,0
46915,16160,12582,20941,19994,1
91789,31690,15200,8277,18648,1
61430,43436,39871,4174,2406,0
36669,29451,18585,28544,11625,1
25839,13607,44889,21780,4738,1
124171,33269,28583,18765,5423,1
148031,29339,49174,21374,11444,0
107097,16470,26419,13422,8345,1
106568,37037,42420,12080,9294,0
101674,38033,23979,25458,15392,1
52649,5872,37864,22667,2977,1
143983,12839,11837,29757,5590,1
135181,13877,30814,10645,11315,1
85041,48516,49574,19379,9858,0
48161,27938,29139,22397,4735,1
43331,16388,12546,7578,9059,1
64504,45071,16492,28483,6611,1
120009,16841,23794,25367,19699,1
136471,48066,14900,29647,18716,1
133783,23292,46706,20386,17885,0
145154,23456,13812,28618,11640,0
96939,48370,49239,5659,4119,1
144756,32004,38159,27634,2060,1
60645,5152,28081,29637,7503,0
28353,16896,25940,25397,6556,1
28337,24053,16938,11958,9576,1
93071,9978,48948,13690,15102,1
75254,21715,39565,1482,12537,0
92582,25390,43449,8702,5235,1
95441,10826,41256,24243,9926,1
51807,36519,31180,20886,6234,1
111072,41602,34960,28675,5671,1
88846,38694,15770,27991,6682,0
27018,18238,20598,18569,10720,1
35453,26717,17520,22938,12113,1
104540,48933,34609,6751,6243,0
89445,5923,37621,3542,13630,1
46055,17952,18898,7599,16789,1
91361,40725,46156,9681,6562,0
113166,9871,28260,12288,16115,1
27931,49515,12082,6440,5959,1
27673,18568,44334,4045,13021,0
43353,48618,18711,2108,1379,0
138763,15340,44108,5098,10759,1
93282,47956,30082,28668,8554,0
21576,18194,20053,23405,12020,0
27752,29755,40274,28128,7684,1
132056,29658,16256,12758,16254,1
146762,8550,44562,23397,12211,0
109948,20107,23362,20607,9421,0
76796,18064,22683,1071,2800,0
97703,16886,43055,11427,8279,1
72969,31951,14975,6910,3531,1
132544,12257,43663,17720,1867,0
99627,19283,13269,5835,4785,0
81152,48480,31621,26417,12851,1
149146,20417,15610,23160,4931,1
75237,18824,10001,29993,17818,0
105216,26524,27222,17186,16219,0
63521,43949,17017,27880,8169,0
25500,13455,36856,26068,3743,0
36349,12648,47249,10890,11446,0
51844,9717,15097,29969,7982,1
25399,20689,47709,28025,7747,1
141224,49359,15049,28639,1597,1
148947,19295,33082,4781,17167,0
48260,27172,10561,28847,12389,1
127070,35214,33916,14271,1065,1
125588,49515,13613,5536,2607,1
106513,27196,22943,26869,13815,0
122408,12493,21880,17179,14089,1
47215,20672,21353,20294,11301,1
61654,28375,36194,22519,12515,1
92863,47296,34277,25294,12433,1
143471,48073,20192,24090,9346,1
38371,14951,34986,10475,11719,0
110878,39577,47174,10228,6955,1
45734,28504,38245,27711,11719,1
49634,10696,36755,19267,1140,0
98940,24595,14757,7882,3825,1
35031,28436,25231,4955,17073,0
86108,20947,27762,26322,4903,0
111496,15501,41445,24085,16554,1
106250,18676,36189,14545,2779,0
33922,48576,48411,28257,13620,1
144627,34602,37734,16621,3595,0
92805,18508,34410,22529,8217,0
104940,43058,29065,3538,18012,1
96238,28389,26583,16545,5237,1
60005,11680,25658,29334,1808,0
43057,36144,26585,14982,8828,1
88562,41697,41924,16143,4216,1
144489,5991,42604,9163,14388,1
57926,35053,17715,15144,17730,1
131006,32145,33436,13360,13413,1
36053,49235,23424,2069,6865,1
54698,11169,11962,14337,8609,0
37901,5607,35373,24613,14444,1
36131,12272,20341,4567,15690,0
102507,34972,46437,21925,10274,0
113417,18725,28483,24749,1790,0
58296,21437,23392,7498,7405,0
90566,18492,35024,28121,3091,1
68351,26475,28435,7520,18449,0
127044,26045,10344,20533,19275,0
122208,26256,13278,27636,16330,0
137060,5041,44284,3373,11326,0
106830,26875,28318,26639,9297,1
113757,14001,38808,4896,6301,1
40790,9039,34368,5914,3859,1
21244,46548,42510,15863,17881,0
90782,40619,25454,27480,4960,1
93242,28551,15120,20262,15483,1
107199,5952,18995,28461,19640,0
43099,19802,43840,21688,17644,0
104718,48987,37234,8352,13827,1
72326,17267,16858,25150,13797,1
105204,23154,23811,2307,12597,0
27906,37621,26527,21862,11184,1
39946,43453,36990,22212,4574,0
60978,30613,32146,10824,3744,0
20019,38409,34757,10217,16586,0
122512,7836,24981,4940,16353,1
106549,7478,11611,25252,8923,0
112414,14319,46858,3863,16481,1
89420,38855,14388,19724,19157,0
62730,11868,40327,5139,18339,1
82700,24300,37785,5861,18757,0
144412,40850,43277,13452,2870,1
125616,31488,22967,15522,16378,1
144728,37239,46993,28172,18699,1
25425,47469,11238,4450,1494,1
102441,42407,38910,22628,1847,0
65113,35947,25687,10610,13719,0
25132,20640,35437,3630,15055,0
61312,27195,17464,20825,17951,1
98135,48880,31743,20440,18067,1
128791,21534,14929,13157,6117,1
50026,44894,12938,14432,17496,0
126699,30050,34550,13616,13717,1
29202,23423,15337,7532,8100,0
149820,13866,25617,11070,3834,1
149921,9487,35512,28410,19150,1
126967,28485,20238,26498,15515,0
149096,44108,34709,5476,8397,1
99794,20332,22246,2335,4519,1
104504,30520,48348,22803,15842,1
88044,9016,28404,8586,3203,0
48573,24525,19001,17218,13703,0
90847,38630,21746,6472,11281,0
22730,38477,33764,28931,14303,0
125235,12413,48734,5544,11003,0
75692,45438,41608,28478,13341,1
96145,46273,39163,11207,9289,1
104752,47683,18135,15738,12055,1
105441,16575,35138,1236,3415,1
88674,12762,16695,13668,16947,1
107391,27244,33217,2445,8275,1
54113,7339,43646,23809,16169,1
114447,41371,23422,13425,14357,0
118891,35687,25243,1282,12920,0
59288,18692,29270,28573,1278,0
124423,23614,48021,12661,13919,0
112339,11429,25804,11214,17337,0
42742,5137,44552,9670,10419,0
55876,7114,14839,1798,15840,0
104932,10313,21722,1851,15139,0
90479,39873,35754,12832,1260,1
125674,42147,13720,7651,11739,0
84495,40948,29246,9459,7575,1
146276,36213,42009,4641,10778,0
80168,22179,32450,20923,11292,0
93698,7248,11344,4196,15242,1
64487,8036,21642,5783,3545,0
66928,30431,38881,14068,18136,0
130989,43658,38031,10627,12442,0
138354,46329,31821,21057,3227,0
104909,41641,45297,17174,3223,0
37836,44263,24323,7179,4479,0
113561,45446,24277,20010,10536,0
48157,5693,41730,19931,9520,0
73817,23832,10763,19903,15219,0
22414,10201,39858,18694,7238,1
124129,25065,32177,10571,18295,1
30627,39462,37573,8165,7678,0
25664,44596,35129,27027,13191,0
68910,37257,36357,26879,17826,1
61667,36189,23055,14762,4897,1
127049,5162,42607,28079,16663,0
147127,24794,43145,21212,17961,1
91109,40294,27681,5165,12366,0
133969,47098,13293,17992,19268,0
47923,25808,25131,18062,1555,1
126298,37961,26604,29292,4845,0
144317,39732,25847,24333,1988,1
106617,32998,16721,29519,10235,0
118091,10578,21474,19027,8059,1
111201,18399,18457,22724,7433,0
103352,17713,14717,11414,14174,1
65398,22523,32420,26872,16683,1
105390,47548,45150,18181,7316,1
69468,17231,38895,28664,1679,1
70489,49078,17451,23814,12987,0
30084,42596,48314,18484,5843,1
73323,8456,39107,20381,5351,1
74259,19113,25125,9630,19009,0
81834,16641,35095,27356,4598,1
73359,28395,16912,15039,5182,1
140466,8213,14338,21940,14203,1
38473,35677,24074,25388,5286,0
106695,14583,21502,26391,12200,0
95428,45354,42730,28092,2951,0
56240,13151,48350,20078,19203,1
111509,23072,18658,28899,8000,0
75520,10360,36269,12283,3677,1
83256,14905,15515,19995,8741,1
148196,34405,39147,27590,2951,1
63667,22207,19933,16852,2893,0
115920,40311,43393,15651,8049,0
54465,45664,17118,26816,8131,0
59117,17578,34336,9041,18560,0
125755,17931,34642,3908,16406,0
92456,27971,44899,7670,8964,0
49550,37030,28230,22383,14865,0
91021,20110,44476,22953,19208,1
59044,20774,39946,22151,5677,0
69983,33088,24593,11655,8226,1
114128,10007,46153,14690,19159,0
59881,48657,48970,12576,19580,0
59003,41460,39530,17844,7063,1
85811,38046,39658,11368,19052,0
22744,42591,26019,25342,3491,1
75616,16903,21390,4527,14525,0
56276,12839,20186,13188,8412,0
64441,25688,14908,4765,6177,1
127626,42401,20314,16506,12639,0
98913,34145,16773,4091,6187,1
115526,31611,48560,27752,15842,1
114880,17496,22030,11959,7630,0
30554,24223,32694,2177,11007,1
137891,7836,41400,9726,3617,1
140090,13924,39285,16041,10154,0
95887,30437,44938,29389,13534,1
80110,32702,24484,20407,3687,1
85587,6380,11992,17608,9950,0
85770,32407,28685,5950,11279,1
56651,33350,44599,19943,5794,1
119459,23369,10437,13947,16453,0
73835,7030,12012,11577,10490,0
49709,34792,37448,9471,3323,1
109625,39272,32064,29395,17601,1
106802,8464,47140,26359,5033,1
47574,49917,27248,24721,13747,1
100095,40277,30932,13780,8018,1
37854,13524,18427,7245,19354,0
136870,42401,12217,7744,15950,0
32342,6847,13516,2172,9699,1
43843,33241,41479,18486,16206,1
134891,8206,16941,3675,4987,0
132582,40742,15984,20019,13882,0
22383,31295,28191,14534,10104,1
59756,19511,37096,15189,8733,1
128027,41317,48422,1765,12448,1
48387,47102,11195,12743,19672,1
45842,13012,20993,22903,4145,0
112557,22007,14151,22475,3129,0
87967,41352,21439,5133,7286,1
37166,36212,42404,2563,1754,1
92007,44732,36355,1903,12117,0
124078,44514,17409,9494,9808,1
143677,35508,10959,22083,11209,0
118761,32814,46897,1541,1345,1
59465,13001,14340,21470,6539,0
80107,49630,29383,27202,10515,1
102149,43484,49418,24634,6832,0
38707,25538,11407,4238,12416,0
102533,48390,31803,18812,10083,0
100337,47919,26388,21015,2677,0
139267,40138,35553,19460,9016,0
25232,32247,26702,24378,16478,0
30253,27758,37947,12337,2065,1
93079,37754,45832,27221,1009,0
112417,5191,11603,13795,19762,0
140613,23805,30647,2080,15128,0
31103,17935,42321,17419,18165,1
78398,11922,39846,21683,13138,1
96056,10911,13179,1631,4924,1
89689,29836,43978,11299,17943,1
31631,35604,47544,12918,18808,1
79585,9624,25727,10542,2752,1
87999,8537,13310,29285,16541,0
57516,31037,13313,28862,2243,0
33781,23464,12687,1144,1638,1
56619,24132,22283,29952,5146,0
74202,27776,47312,6588,16692,0
88557,12708,48989,19827,11877,1
21426,33130,12155,8198,1599,0
134706,10389,24585,26297,15230,1
61936,30715,33841,15834,6857,1
107604,38755,38486,16100,5037,0
133777,39145,42948,1616,1139,1
124455,44021,18508,26007,1114,1
104249,5968,26875,3959,3739,0
131420,23617,44996,3969,16796,1
97906,5343,21968,25845,8161,0
92056,6956,35136,19473,2264,1
52146,39780,27708,29497,5325,0
33057,49142,31693,24024,8476,1
131581,20552,30492,17630,2263,1
142975,10711,40181,7196,3745,1
58388,44789,18031,11101,2100,0
134339,48634,17366,17255,8006,0
136159,8187,38276,12584,11765,0
136465,33357,29034,8464,4923,0
55819,20793,33289,18220,5828,0
64909,42418,12456,20291,12619,1
67872,41521,29603,20031,9971,0
36120,28555,42734,29291,12166,1
114443,46645,18302,3271,8818,0
124085,23507,36969,17636,17135,1
113331,32267,41699,6420,6696,1
23579,48792,35688,10740,5162,0
81087,34666,13149,6570,7864,1
109525,24139,35736,24284,17917,0
115822,34832,21393,27604,14662,0
140667,43464,40727,19051,7177,1
95179,31880,20987,8667,12542,1
86636,7659,13192,28481,4268,1
123438,21381,11844,18424,12434,1
103287,11046,17007,7303,2579,1
91370,39324,36462,6407,12910,1
42980,17319,36950,26878,6194,1
122013,49094,27385,3329,3126,0
30372,33184,17378,5264,6064,0
135035,19920,41914,29018,16142,1
60277,11488,26502,12191,12977,0
79312,28773,48698,3343,11160,0
47553,13002,30993,12723,1221,1
129648,38592,34496,2081,7389,0
94956,36839,15067,19663,14989,0
117377,29325,44217,11013,8868,0
30144,35512,12600,18768,9656,1
40804,49894,23694,20897,14200,1
91965,43641,18934,3471,15790,0
37232,21815,32217,13668,11842,0
64333,5943,25106,11728,3197,1
64414,5427,33337,24901,4572,1
63458,27652,29241,9008,14390,1
29639,12667,20800,24236,17870,1
127391,23982,41250,9877,8310,0
34009,48242,42899,26446,11085,1
31145,26955,19342,1619,19993,1
91747,15802,13069,26374,18333,0
60653,38531,39223,14591,3470,0
38652,9765,44073,26061,3008,1
105164,40913,20266,23642,1362,1
89260,29780,36667,7401,13157,0
108697,41371,38613,23495,11559,1
119506,13673,48083,13940,11042,0
81032,19088,13815,8666,6926,0
53449,21400,21607,21589,17793,1
132671,38059,49471,9758,12695,1
74108,36604,38650,9775,9555,0
137249,32216,38466,8171,4728,0
45066,15956,19295,3794,16503,1
25499,39323,43687,8635,15776,0
132975,48433,31617,24322,7084,0
119794,34356,24180,1661,12659,1
53887,23869,43348,17375,3831,1
87199,17039,14419,20052,10660,0
120416,18056,19825,12442,2202,0
90699,30923,38052,22058,14681,0
95615,33462,40856,14029,11180,1
85028,41819,11053,7165,18141,0
102543,37587,19140,21465,16276,1
99530,45871,39074,10006,17247,0
44202,45236,39950,21982,16470,0
31151,18772,21267,10752,6717,0
71508,12112,17552,6124,15656,1
118341,43557,25952,25587,2265,1
28524,23047,18022,2446,15147,0
136113,24170,10886,19755,4888,0
95902,40014,48292,15917,8305,0
148725,33525,49861,1467,14497,1
118438,39180,13179,29564,1636,0
141580,11399,42722,13541,2472,1
41536,40875,32175,3820,5261,1
88111,47484,48477,9448,2796,0
27594,39564,20861,10833,4926,1
116469,30643,48026,9551,4490,1
131826,32906,31895,2622,7649,1
25628,22164,19701,22503,16918,1
100865,27591,35548,3151,15808,0
35371,10071,45614,2991,3744,0
119670,23136,31663,11421,16281,1
49866,25813,28721,23524,3787,1
128738,6530,10575,21812,5506,1
54467,49171,16404,2331,7085,1
37200,17915,44934,23048,9876,1
42949,41241,22187,14263,1162,0
41794,7510,35123,3427,3962,1
90578,8750,32395,6516,5311,0
50186,37961,11578,27206,9147,1
42304,34410,28092,7581,4085,1
130783,39950,11445,12207,10076,1
65751,35010,36567,10308,19252,1
91596,39851,13440,19747,16696,1
121920,32771,17819,12336,6237,0
139443,47202,41167,19466,17288,0
86404,37314,26294,1730,3342,0
47413,10618,29027,28368,16524,0
108713,32383,43022,22118,6930,0
113160,48681,10511,16176,3761,0
110463,23474,42240,4921,15699,0
143881,7145,20762,17423,16027,1
69964,18463,26627,21446,17450,1
69233,47278,13522,6507,15592,1
89228,17917,15197,21534,6647,1
73487,37104,14950,1069,7861,1
22041,19974,38464,20325,1564,1
143983,10838,41827,21648,3863,1
42440,21042,21600,26680,9874,0
59294,23651,47823,28666,1207,0
31531,48707,11889,6548,16214,0
34969,9978,29077,27398,1069,0
26201,11529,11828,17779,4522,1
71394,24569,32353,5297,16596,0
29744,48452,10900,10237,15013,0
55753,36602,45821,6874,11151,0
92038,8831,42365,11398,19381,1
27884,5200,15783,9556,6708,1
54460,43905,44441,15835,7808,0
56625,16532,46236,2635,7344,0
84487,6759,44845,11378,4116,0
92136,7784,23060,24036,5813,1
29561,48269,23916,7475,3447,1
23513,46170,25456,6372,3573,0
93201,13943,44650,24255,15420,0
59974,33056,24168,27454,19334,0
126911,11837,13671,18839,17066,1
94254,13569,37307,9698,19505,0
86228,23321,14791,8810,19618,0
43504,49088,11294,2582,18574,0
23008,15533,36556,15238,3498,0
131273,33595,24849,24933,12055,0
36357,26128,15659,2009,6130,1
127138,31173,27193,16649,18197,0
67271,11334,17698,21778,11839,0
53909,11149,10199,5408,6395,1
65568,38152,49152,24484,6799,1
142022,31530,34087,20454,2006,0
81993,35603,31512,25564,13515,0
115010,24649,13359,16873,2755,0
84869,33086,24875,24315,7286,0
49178,41050,37764,5188,18024,0
82275,35134,16405,5610,4144,0
69516,30260,36928,20802,11779,0
115379,39093,19081,27522,17156,0
36825,19945,21951,21412,2502,0
144725,28646,12533,11138,16079,1
76189,33591,33716,14810,19455,1
130928,12549,23356,9064,11859,1
62731,46194,38965,24139,19390,0
51267,11494,24786,15665,18273,0
53007,30674,31138,2687,2175,0
92207,21986,32294,11023,7258,0
44767,45771,12622,7644,1254,1
114116,34570,41999,1405,9990,1
83785,32662,35147,25190,8869,1
134441,41957,34614,21895,13273,1
144554,19218,35627,25389,9074,1
120810,24349,22218,7969,13645,0
29136,12497,36840,4148,18960,0
55795,22829,16875,28480,8180,1
116355,44188,21985,2349,16081,0
115855,36508,42223,6725,3165,0
125562,19961,32363,7171,9541,1
77801,49954,26145,14382,12016,0
51422,12030,34201,16263,18446,0
109520,21169,14917,2075,9741,1
34354,7207,17034,14607,8785,0
47923,36938,49997,9783,17961,1
135429,46060,39694,11016,4230,1
98374,40058,36052,6830,19008,0
140760,21386,14802,27217,12579,1
112212,24270,20487,10283,6719,1
146105,25328,13125,23571,18205,1
82512,20731,26100,19417,10474,1
104752,34953,30133,21255,12933,1
70963,6071,44678,28068,18882,1
50084,31248,30223,20653,13906,0
93364,37389,17890,12516,1808,0
53426,10629,24531,7302,3464,0
112347,21156,24695,19848,8349,0
141337,40816,39005,27260,19692,0
131517,32998,37681,1598,14537,0
119531,17170,24420,29651,19029,1
24670,36192,24442,9098,4847,0
58310,45574,18049,23380,18148,1
149120,18773,37841,28729,15311,0
35459,33228,11869,7036,2685,1
39393,6546,44322,28356,12778,0
138695,19120,37631,10500,6880,1
88938,13998,16911,14163,7051,0
65959,12931,48628,28379,11289,0
45247,33796,19346,16144,7486,1
107125,30952,34601,1838,12196,1
42771,19337,16997,23615,1761,0
56002,7158,13410,15542,12437,0
104557,15147,10798,24939,3043,0
65118,18699,47399,5395,9821,1
66319,40970,24859,9032,12858,1
76509,23604,34600,20056,15841,1
23474,33816,12264,24516,7408,0
107135,45197,15218,25870,11916,1
71218,37693,20361,1071,19372,0
32539,10547,19888,6238,10475,0
22850,23952,27713,3480,11890,0
86113,11913,26117,10126,6778,0
47553,25842,35838,28976,6287,1
119730,31635,16733,24911,19153,0
65420,27879,23399,12510,9605,0
61237,40927,36071,9631,3245,1
66528,25597,25448,4436,3872,1
67205,44555,41147,20575,10633,1
40064,18819,24834,29960,12883,0
39065,31171,35472,2715,12818,1
128241,20935,49483,12271,7434,1
122327,6286,16784,7629,1819,1
68508,42927,23024,21735,11747,0
33306,44152,19910,25333,1050,0
52041,38392,17020,11119,5711,1
32306,5859,26041,24681,14963,0
133656,39977,17113,28734,12450,1
20942,43309,14340,6798,16822,1
146764,11687,32826,15275,4764,0
113199,41532,42510,3735,11858,1
131726,41152,33282,5324,5171,1
54786,28238,47477,15612,8711,1
87503,34741,35191,26814,5225,0
148834,18194,34796,15567,12285,1
128924,28228,41211,26129,8852,0
43047,33434,14411,16073,12109,1
70967,36565,38005,2507,13888,0
22015,28166,22534,11723,9193,0
76565,26986,42294,22872,15125,0
117931,40288,32133,7085,19298,0
143921,40182,18224,14153,11224,1
56698,5657,28860,23885,7236,0
56255,12425,22681,23466,12286,0
94087,35366,13989,11505,6530,0
22039,8212,29655,22280,4580,0
148718,37910,37894,1385,9252,0
69223,25482,25659,12166,10520,0
110625,5955,23054,8782,16537,1
131723,49706,45736,11052,7126,0
65746,6675,37048,7646,10492,1
53887,11229,18476,23996,9796,0
85020,11475,49003,2819,17360,1
58889,47569,35697,29524,10126,1
34821,43201,34927,19299,14141,1
30047,34206,34300,1884,6645,1
39732,19846,29164,20688,6386,1
78284,8023,29445,19113,16410,0
51313,10843,46012,8442,6069,0
27585,31946,31441,14897,19807,1
66816,7420,21438,2952,13730,1
117529,39990,11961,22576,12290,0
55401,37684,37291,20625,14394,0
109508,22588,36925,10888,3996,0
99256,33288,13554,10207,17747,0
126525,24253,43246,25045,12042,1
134156,22737,30087,26206,7712,0
93350,38249,18239,7402,18563,1
117914,42906,25734,18227,10212,0
126102,13545,43109,19110,2358,0
64863,20868,16182,3860,15731,0
52111,38352,42435,3092,16252,1
70939,13504,49073,11295,8592,0
23920,24446,16939,20144,5107,0
110771,24033,43064,7019,12517,1
25973,45631,13571,16612,10507,0
57201,10371,11382,28176,13927,0
23832,9182,25089,4118,13735,1
25645,35668,38347,9013,17918,0
121548,30356,28152,29503,2987,0
149157,15870,45807,8946,19050,1
30009,40676,34825,11117,11544,0
132686,28107,19486,25650,2715,0
62137,8638,10101,15168,15917,1
76989,41416,24047,9348,3473,1
76250,31399,31183,7535,9431,0
114207,8682,24104,2387,5990,0
74232,48637,23439,20366,6647,0
117512,16658,10991,23102,5247,1
106590,42980,16413,20728,4872,0
127326,31588,43104,14903,11883,0
104956,21130,33585,16777,6071,0
33682,16170,17031,15658,14442,1
89314,24760,11224,5078,15304,0
99382,7203,14314,3390,15693,1
56325,18798,34021,19378,15083,0
128356,16713,10853,13146,4959,1
89950,18363,33473,26236,6024,0
53886,32806,30730,4255,9125,1
80757,39466,33545,8162,12537,1
23223,7414,22040,12535,7540,0
74215,11597,26078,2660,13810,1
99711,10230,29635,5814,16032,1
134258,36385,46707,8318,6011,0
105864,49759,34995,25506,17790,1
46634,41609,34334,28314,4002,1
32172,22125,23007,24905,8948,0
52950,31350,36842,20174,6633,1
47457,28826,32746,21614,1986,0
105535,18939,16566,24390,10752,1
142852,44731,48013,18816,19906,0
106028,23077,21743,21781,11961,1
32000,6681,39201,18976,3877,1
53504,34680,12643,2212,15851,0
22047,36490,42134,20535,12246,0
114146,29056,13715,17697,2844,1
76711,20396,43820,9978,9040,0
94346,43067,25385,23211,14827,1
149146,33418,43538,14838,11746,0
23310,44321,45858,15890,11445,1
146673,6983,14892,28975,2794,1
72664,27925,26858,1929,19825,0
96484,8444,27542,9319,11485,0
94192,45071,25788,11408,1098,0
54225,8648,39904,15246,3806,0
125677,39064,16667,5899,4457,0
149486,5671,21200,6634,15696,0
20958,24580,45577,17177,6898,0
70152,14071,36105,27648,16758,0
142617,49045,48292,20312,6626,0
70783,23780,42653,11225,16896,0
100426,38045,22510,4997,10037,0
81659,42472,40854,10058,17364,0
109618,26789,18949,22416,2360,0
117121,43856,26607,25448,16855,0
141114,11570,27845,18956,15676,0
141501,45853,40770,5323,9489,0
107286,48191,27366,6842,10075,0
99860,16130,14444,16386,5445,1
47638,47654,24781,22220,10172,0
91452,40553,17829,22918,8097,0
69395,30142,47915,10234,3124,0
90464,24573,36343,20955,2552,1
53752,11947,44803,5892,2764,0
116835,28822,32662,20166,19451,0
93546,11438,24610,5635,10444,0
96380,38674,28331,9680,2923,0
74023,30086,29937,12768,7754,1
55608,44660,14878,6136,15471,0
52051,16179,33444,9628,18846,1
20704,20135,43798,27614,13910,0
27863,32035,22061,13224,10761,0
123144,42486,20824,20643,13193,1
97486,44984,37289,20401,16371,0
121550,27308,41887,21481,11031,1
69811,35993,19464,29926,5327,1
131118,27728,47336,22685,12099,0
34293,24005,13084,9495,10749,0
62512,47780,35603,19203,3299,1
93536,44703,31116,12970,11730,1
72368,38430,30438,18034,18432,0
84729,10997,16445,26479,8493,1
45474,39729,48946,10679,15315,1
97355,44416,23976,12079,5090,0
76249,8118,19393,29776,10043,1
85548,13837,12920,12406,13605,0
83565,5788,43432,17391,14965,1
63099,6796,43334,15280,17850,1
31106,21049,19732,25402,14061,0
112466,21169,48171,19861,13545,0
139854,6848,29400,20095,4632,1
144519,40842,33891,15972,5010,0
57122,9783,10138,5416,14237,0
139031,41939,47216,1071,5400,0
140300,5671,16859,9686,7099,0
38877,39405,39018,28667,5535,0
125930,24734,21897,26574,3784,1
147621,14482,21631,9783,7938,1
115105,36774,25701,24498,10061,1
81763,38180,15985,22672,16591,1
35149,34463,18271,5346,1389,1
119961,12374,23359,15162,7782,0
92081,38425,15445,3786,17967,0
105023,21176,47057,27395,10793,1
30009,25381,29316,14347,3093,1
118229,13589,19302,5680,5601,1
116926,29859,12804,21310,15336,1
101400,28627,27769,10974,16768,1
78369,36078,38680,7996,15653,0
73285,38693,30958,20193,4595,0
142539,22350,37005,25909,16182,0
105157,14122,35852,27411,8091,1
97752,19340,40335,6237,2949,1
43934,25488,29368,25255,6433,0
105833,8301,18238,25482,10623,1
88384,9217,27756,26191,6251,1
129650,9679,31825,13285,18922,0
59537,23157,19210,27569,11255,1
23177,27063,43391,29374,8536,0
102175,43211,23655,8058,12079,1
84760,37327,32958,10746,12313,1
111116,37606,29014,2555,2717,1
104912,24554,29602,20063,12612,0
109851,17971,13238,3581,8765,0
47752,42775,32271,19203,4771,0
126008,6308,28793,22010,13668,1
72748,28812,14322,24924,8879,1
78292,29908,19243,6904,14832,1
61366,46212,44116,28273,6630,1
54692,34258,27497,19624,9485,1
104340,31246,24454,20183,5041,1
48011,5231,10722,3213,5453,1
149821,24127,45712,1988,19139,1
31982,37162,12765,6395,4062,1
79721,28551,35772,7888,16176,1
26984,11076,34767,13674,13883,0
30775,8369,23510,5720,18882,0
37381,16267,29833,2330,8890,0
126943,17386,32777,28701,18956,0
47107,17937,31239,12606,13843,0
32178,47927,46870,11936,3314,0
57924,21813,16613,21459,15289,1
55060,5114,15440,14750,6571,0
127432,48363,35753,20768,1365,1
147707,13090,32037,24113,6216,1
55320,29541,11054,14658,19408,1
58281,17547,26560,24192,7583,0
64344,16686,48021,26118,1075,0
136914,41304,26557,24736,11974,0
69223,9321,45782,18638,16637,0
62639,10701,27061,19870,8704,1
137233,46963,43265,4753,12571,1
71151,18468,29435,4040,2659,0
132430,38833,36251,16364,19362,0
57999,27748,32477,28878,19558,0
76595,7287,36243,24573,7149,0
95676,49033,18840,13605,19487,1
60828,32504,49639,15815,7649,1
41554,38253,24162,16867,19072,0
47338,35801,48291,29305,18797,0
113226,23940,45715,13220,9771,0
106328,33769,41782,14923,16820,0
90376,42175,14597,8574,3696,1
110139,32457,41830,13561,4430,0
83124,38669,26055,26197,15764,0
129527,12965,19219,8280,19393,0
87966,33483,27672,29827,3348,1
98590,19553,49463,12061,17117,1
112961,44957,14542,1891,10092,0
44700,22259,33527,8222,18003,1
127635,19512,28220,25644,9924,1
69088,11119,18933,18964,6145,1
107977,45212,49359,11586,18624,1
82305,14626,37386,7602,16445,1
60824,24159,31022,22662,7229,0
73779,39561,18141,12298,11911,1
63850,44736,40645,15702,8986,0
100049,37537,35283,7839,9537,0
112139,37373,38824,22840,13460,1
121561,7702,49589,3499,1674,0
126200,41521,10001,20706,4324,1
82066,36997,17844,6999,12407,0
83617,32689,35600,26946,19483,0
112950,36880,38556,14904,7476,1
141234,29479,28484,1052,2848,1
61078,47613,45883,7799,3737,0
96449,11294,14937,15672,19919,0
45889,27964,41583,22592,16893,0
37583,6568,27137,22253,9691,0
146222,9619,36244,4384,10930,0
141124,8751,11396,29500,11104,0
79793,48084,23125,3057,5422,1
84637,27078,49640,9454,17005,1
119994,31612,30071,27657,13923,1
25461,27381,29348,27679,14912,0
98135,33588,21962,7162,5079,0
84105,44249,18818,7123,17639,0
129872,29463,16034,12954,16352,1
141378,24310,34065,7252,3485,1
121634,39364,20292,6390,10156,0
54339,39939,45182,8192,11623,1
127623,28287,19896,22380,15951,0
126894,45230,38321,17023,17911,1
24787,48840,33966,13938,19358,0
58645,10956,32609,1899,11813,1
51648,35333,40205,29268,2635,1
126363,18084,32436,13286,12367,1
65737,25888,12066,13807,2803,0
128705,28879,45536,1545,18391,0
146403,31783,30422,9283,19108,1
92088,34320,20620,5076,8925,1
48648,31121,48984,20889,13409,0
39444,26462,43246,22324,5114,0
126887,23034,16945,21848,1286,1
63953,17375,26626,3897,14834,0
137133,47900,12436,9446,4145,1
102177,26325,29800,2554,5672,0
43747,33695,29210,20755,9522,1
83032,11220,49759,7464,9191,0
87339,39008,12572,21447,4590,1
22467,49036,23603,6342,12705,0
33390,7514,22789,5203,6576,1
136444,23643,48610,22885,12540,0
81678,10222,14835,17979,14429,0
36051,16035,37514,22216,18064,0
112508,37756,44977,17418,13864,1
74560,11030,34442,17001,7927,0
87706,49486,28471,14473,19323,1
29278,30775,20566,15089,18079,0
63076,31120,44148,24962,18231,1
95775,7059,48560,27526,12610,1
60854,23572,18038,1827,12710,1
56855,20993,14078,11405,10517,1
125576,31175,49697,1945,11948,0
86494,31711,38359,19721,7129,0
75123,14835,35651,18817,12344,1
136966,43325,22824,26326,2819,0
117373,41362,18998,20022,13618,1
55762,6010,14906,17788,2007,1
52565,22827,47105,22456,15456,1
148906,45630,46625,5874,3206,1
46553,37918,49155,13764,7609,1
105168,21345,44284,12526,3817,1
86231,21029,43682,9064,14189,0
20821,20424,45677,6054,18617,1
132953,9898,10515,17879,10450,0
69595,49423,47216,26952,12364,0
89585,32152,45974,27254,12578,0
123831,21312,44525,17672,1334,1
87346,39997,11887,25514,7794,1
22416,7678,47421,1520,19783,0
74979,11731,47911,3860,10027,1
29579,26610,42748,20655,5805,1
144848,6430,36960,29636,3607,0
67684,29167,15836,9867,12659,0
81853,15607,13731,12639,15473,1
113838,34339,39767,26921,11146,1
83896,30155,22034,19183,1481,0
143136,22645,35922,14340,6933,1
35665,33879,44176,9594,7176,1
24175,21233,46111,28316,1453,0
69370,10893,33652,10914,15093,1
120349,24013,16858,15959,2369,0
35729,42724,39878,1406,16349,1
114800,11020,37777,11899,11291,1
91863,18523,25085,21402,12779,0
69859,23805,29981,25094,18562,1
98139,14936,29859,1859,18985,0
74691,13111,48740,3235,11096,1
35242,39653,34068,17184,13829,0
68326,18117,23187,26067,8990,0
73999,44768,35493,3386,17686,0
34944,25323,20215,10316,13561,1
20017,19224,14498,6383,14164,1
78231,44157,46369,26722,10223,0
59727,45758,24074,14029,3838,1
67017,17383,23232,6726,18497,0
80278,22933,38579,12567,4009,0
68903,38287,45168,29882,13523,1
33375,6410,43496,18197,1757,0
149043,32343,44075,20694,10885,0
80785,48193,11274,20621,11606,1
29720,9063,22454,29038,5495,1
120944,11342,42782,8672,12183,0
70483,13297,12567,23901,5043,0
125760,5836,19321,1802,3169,1
116415,46781,40052,28302,17739,0
65908,36126,46887,15662,9510,1
125418,9047,16442,22976,10580,1
121203,23278,26077,4575,15680,0
84330,10068,48913,13585,6720,0
134537,45003,26382,14876,15272,0
77261,33091,26126,15030,4146,1
144795,12165,46704,4808,2944,1
69548,42313,31060,12357,15565,1
26466,6208,35273,15988,12543,1
53064,26222,32888,22612,1556,1
24209,47536,44381,28618,3738,0
95405,43329,34047,13889,5245,0
66932,29008,11888,22668,10386,0
41037,17436,30245,28594,4473,0
101923,28076,43109,28356,10736,1
97984,26297,23362,11394,17296,1
148531,31404,15700,15574,8004,0
33083,29926,11371,1147,5134,1
40752,32295,22996,2378,6192,0
104220,9133,38874,7260,1919,0
40877,35318,12661,29705,9459,0
95327,31738,40130,1088,12265,1
55141,32051,10214,21333,4360,0
109463,48611,35379,8962,1401,0
95168,34228,42673,11602,6220,1
104633,22372,16714,20363,4107,1
71539,16024,11831,13701,12322,0
77676,13715,22276,29426,2369,1
125722,22138,20776,29419,6408,0
50688,13446,45069,29534,11570,1
53403,23822,43606,8987,4389,1
23373,49752,16258,11196,1054,0
41262,19284,10121,25177,7689,0
109754,15026,39848,4337,2281,1
30989,18170,41309,18317,5151,1
37100,26710,24485,7290,17941,1
27838,9317,25428,24987,17713,1
143155,45837,18772,29930,11692,0
75843,32737,47915,23344,19436,1
72929,32367,21911,10565,7348,1
55556,23449,17141,1347,2740,0
31711,24184,27681,23319,4496,0
40650,25714,15896,21659,14017,0
27177,19818,36162,5266,4754,0
113998,25656,34551,3088,14256,1
139809,45816,32889,22150,13497,0
113018,43962,24480,17756,1163,1
48744,17247,41951,22811,14545,0
53733,12055,46685,6065,6406,1
98347,8386,43523,11038,5883,1
131843,31586,34633,3664,5608,1
87896,41109,44934,23371,12277,1
28715,18427,22536,29376,10212,1
43166,9177,27717,22801,6704,0
53380,21976,12457,27336,18244,0
51601,35709,35539,21510,19239,1
133359,5272,25373,3063,4934,1
66875,39654,44394,28216,11737,1
118374,21391,16693,25374,1483,1
59225,9557,31516,19859,13737,0
149848,11254,21138,24599,15036,1
142720,45762,12406,5021,17869,1
22735,35864,31581,11368,10615,0
100116,47856,47120,2499,18875,0
46676,14190,44605,22998,13106,1
141420,45308,48811,17736,5484,0
38115,24448,40829,27008,15496,0
71414,36692,13486,27622,17185,0
88626,8205,24655,13219,16047,1
69280,17043,13978,20516,4368,1
100630,36221,48244,29821,2451,1
43787,21266,23619,1796,4779,1
33819,25806,47987,9455,13012,1
122338,48009,31759,5046,7216,1
72123,17638,28151,25534,10453,0
106457,43646,31736,14808,2388,1
22379,46703,17777,3920,13682,1
55668,16624,33838,21660,14930,0
111153,5101,18695,5249,14797,1
86703,42757,14259,10471,14574,0
130759,5844,22731,20122,10964,0
77653,49118,18782,27967,18301,0
145618,26043,46988,25341,14293,1
142781,45162,35380,28326,2985,0
117314,27175,27695,12134,10985,1
35832,40128,29988,11745,9553,1
39762,37213,45138,12970,3378,1
121522,38037,11699,21384,7374,0
55670,15913,14620,15386,6275,0
87756,20238,49296,18386,16512,0
97250,27477,20798,25299,17018,1
61072,18978,17939,2419,14506,0
126550,15684,36477,2108,6820,0
107931,41524,19828,13594,10232,0
129933,46697,29425,22048,6558,0
144767,14423,20760,27505,10952,1
108312,7853,17702,8380,16162,0
121217,17383,36530,12767,1063,0
98332,12661,27409,7667,9342,0
100188,28015,45427,14807,1252,1
135272,42595,37756,21298,13051,0
86979,48126,43048,15756,3318,1
50797,40116,22719,15777,12622,1
128904,13447,10767,19467,9237,1
131877,21619,49129,8581,3624,0
45829,8365,34718,18537,12254,0
38335,31002,32054,6379,1406,0
116534,38332,21413,29763,7353,1
49186,17537,11162,3393,10252,1
117001,37266,13717,1177,10900,1
143936,7377,35643,29174,9034,1
126163,47474,13009,25551,1230,0
97548,23278,37558,6299,12546,1
114919,12096,48389,2788,6246,1
85066,12124,48038,20286,14912,0
86885,9769,43763,4457,12151,0
61318,7923,32236,10350,13555,0
53171,30406,25970,18441,3732,1
146706,34285,10380,6560,4774,1
95951,5543,28297,15605,16578,0
126020,9913,38155,19261,3521,1
104463,15285,37661,1023,17944,1
65959,27051,23633,1830,16246,1
23232,20631,10180,21556,8350,0
87077,27529,38831,21006,8553,1
110126,26355,30744,21877,3847,0
134724,46713,49604,29145,16015,0
129682,36563,25761,7804,16086,1
103585,25897,47178,15870,2573,0
24500,6486,34503,13666,8643,1
30462,44754,45514,4357,1739,1
109561,19390,43310,6031,11936,0
91307,28978,10420,14086,15731,1
113461,42231,20076,18111,10088,1
65257,7777,26398,10189,8421,1
106549,9849,13383,10552,13151,1
52479,14495,27032,6400,3752,1
142032,15711,17952,1978,17564,1
91874,24706,36454,7181,4728,0
140427,19913,27243,12912,15142,0
86661,16630,34358,9320,4239,0
70252,36519,24251,18610,15639,0
73575,10495,20239,4692,8037,0
127877,48336,39985,24343,3459,1
140870,43134,17194,6392,3530,1
130067,45967,24741,4850,15207,1
147248,11723,11474,21395,12216,1
51316,15931,14011,15986,9852,1
56851,37564,36620,13396,12747,1
143311,15063,12224,6683,13546,1
83877,27613,23987,21590,2433,1
30988,34982,21911,11178,4182,0
109611,43270,29277,26419,14173,1
132257,32903,15110,12494,5467,1
63615,40177,19883,1247,14875,0
82080,42840,32162,10276,8083,1
115849,45948,19454,24026,14306,1
95632,12248,32820,6361,1821,1
109475,30498,12579,10741,16701,1
101404,8875,27326,8866,6379,0
149934,47666,30885,25242,5908,0
96346,21038,22407,3078,18233,0
49801,5702,44332,24783,5246,0
48810,41156,46098,18526,18913,1
127096,49519,14843,17593,9444,1
60955,46807,14010,19244,9263,0
56366,5829,32027,16015,8827,1
146713,28141,40134,29522,14209,1
32533,12209,46984,5997,18000,1
144462,10466,45142,7948,3489,1
31243,14350,29870,16673,9527,1
34092,26388,20695,27247,4645,0
58107,15644,28479,6553,6422,1
73113,48140,17353,3415,4795,0
49416,12562,16738,23879,14619,0
80611,35267,31831,3771,1694,1
77123,47694,33303,27942,18733,0
44774,22119,44857,5471,5060,0
29218,17737,20687,8329,6731,1
98431,11943,13727,4292,8262,1
80809,36938,13469,26197,8829,1
22345,35444,18585,13850,17363,1
98565,24776,35296,5891,17822,1
87464,48776,49081,8178,18697,0
114003,21389,35521,22991,15552,1
142528,45647,25578,28245,3178,0
107864,10851,15118,16638,1488,1
32421,36445,19652,6079,19977,1
26214,30802,10521,13038,16701,0
100258,12296,29668,4171,13418,1
107861,17858,28637,10995,19413,0
128422,49877,23679,14222,15584,0
128497,13412,30098,12648,17259,1
125926,41594,42673,17529,16867,1
109862,20868,31260,25965,19329,1
142482,46691,31779,21857,14473,1
42334,18551,12646,25459,17264,0
51529,49992,13613,4550,6854,1
84849,47211,36246,21783,12013,1
81104,29152,22187,11185,8032,1
75912,35506,28984,6604,4948,1
47051,43045,30714,5840,2786,0
134191,22162,21624,18732,2035,1
74193,42009,16991,4167,2756,0
67506,14776,31560,16038,5239,0
48800,14345,41239,9633,17893,0
99542,30342,48199,2421,12851,0
138655,25584,46377,16325,6219,0
93282,46746,25819,16932,10320,1
141301,43872,30247,2308,11467,0
145580,41085,10164,22358,18223,1
121329,31440,15963,2319,16346,0
113266,46945,33822,19360,5737,0
91161,16290,47015,15753,2995,0
124363,19993,27840,21088,1205,1
133841,11876,23222,26287,11693,1
43823,48223,21703,8447,16761,1
68108,24453,33807,29511,17738,1
24418,12344,36886,6996,11772,1
66014,37921,29416,29559,5152,0
44089,43632,11160,12970,17990,0
26066,35942,39269,14793,5933,0
123480,11363,12365,23009,11245,0
39012,26730,12775,18345,16232,0
64059,39577,34405,6236,2219,1
107623,35627,45510,12755,4497,1
88602,32130,22599,21925,16058,1
32264,22211,23788,27347,13821,0
65379,18464,35932,19850,14720,0
95878,35927,27687,20274,9986,1
23712,13528,42830,23305,9508,0
109036,43614,11615,17838,5826,0
48229,17401,10507,23649,15491,1
53021,41591,15572,23411,19427,0
53213,29645,27808,23773,7563,1
90886,25541,10561,22144,2687,0
122257,20265,41582,1533,4154,0
87076,10237,16385,17850,9043,0
131271,9921,49949,6711,14466,0
98595,36189,40701,22680,14855,1
33699,37846,28926,17548,15274,0
83530,12836,30548,27294,2149,1
48398,17568,24117,19327,1353,1
103911,41619,15754,6747,18428,0
98591,28895,40423,23085,11336,1
46022,41219,20753,22550,7695,1
23874,5627,28461,7294,4262,0
71007,46059,27880,5393,18531,0
59498,34296,26874,20972,14821,0
139114,43787,23631,28069,15311,1
40400,43347,18087,7884,8001,1
44312,37998,24859,9542,1340,0
85391,32065,35041,1968,1254,1
26349,32364,25191,19420,13294,0
101643,21295,11386,16551,4832,1
127260,23600,40668,6391,15971,1
53863,6712,17887,26599,13149,0
145412,49965,14324,4585,6812,1
118960,18442,20260,19827,11807,0
50683,36928,15232,19464,7524,0
140096,31126,42964,4677,6885,1
136921,8302,22776,20494,4016,1
122187,13300,24064,28887,13223,0
109033,48146,23616,9956,5001,1
116391,21798,45968,2406,3411,0
92885,49656,23516,26786,19753,1
54804,44104,27936,6097,18886,0
43191,21322,44071,10251,2295,1
21622,45724,18069,12667,19896,1
46221,12882,38470,29392,2973,0
119526,18956,39367,19787,10615,1
66030,13601,26971,25835,10690,0
103964,43151,17864,15694,14620,1
126804,34799,29631,28112,8793,1
91888,6052,39652,11335,13306,0
135188,20109,32649,9581,13234,0
22505,11304,24063,26466,11141,0
90810,21227,11971,24945,14720,0
99527,17458,48614,28248,17977,1
34239,23603,42523,18015,1649,1
130286,36695,27332,7925,10050,0
42812,15099,12505,18624,8127,1
28795,5736,20626,14198,9109,1
78265,21613,18676,27867,18083,0
41816,47215,11459,16812,17517,1
46981,46526,31759,17792,7514,0
48685,39971,23044,10124,9640,0
25462,12161,16387,4201,2847,0
91776,20806,41361,24400,10953,1
107891,24144,19859,22635,2128,1
145135,47994,31943,11834,15052,0
74600,16020,11505,6216,8300,1
119389,28241,47901,1990,14034,1
52714,32524,33363,19769,2438,0
148795,34371,23723,14849,15198,0
116813,24825,47722,20964,7176,0
51852,49854,44432,13583,11992,0
121258,8424,15862,16683,12565,0
26345,19906,31830,21464,9523,1
70027,47038,47824,11381,10147,1
130731,6972,34068,12165,10229,0
23102,44383,30410,21149,12179,1
134224,15422,14621,22694,9654,0
97895,22976,13129,22654,8993,0
101727,38602,20209,22878,12039,0
49918,30600,44366,19765,11858,0
64269,19976,17797,14817,4292,1
98223,19770,22290,21774,8261,0
73872,12652,41669,19606,7324,1
23525,34379,34025,13547,13701,0
118480,8426,41017,23053,1340,1
30075,28786,23229,3003,2319,1
46403,11690,37819,27892,9717,0
28709,12132,16263,26128,2895,1
47174,9098,13242,22880,3876,0
119735,44310,17617,5370,11014,1
35073,44624,45568,3164,15795,0
46226,13886,38967,5242,6551,1
31979,47572,45310,19032,7128,0
104397,35461,21417,29572,10134,0
83556,38479,24123,9932,6142,1
28565,41540,16519,24645,10958,1
41732,17501,27386,12398,5416,0
51764,10762,25876,21190,1535,0
20159,17901,41292,20425,12193,0
71191,48349,28415,22264,1425,0
79812,47464,11552,12375,4188,1
37576,32208,10845,13006,13504,1
135273,22762,43428,9422,9350,0
103004,48976,47427,22375,6763,1
102534,10145,34765,25118,18167,0
39987,38975,18036,28710,3643,1
85519,9011,42778,20932,7274,0
111110,9339,12091,25922,8674,1
90871,22095,12340,25656,4089,1
63671,13118,47703,26460,12513,1
135116,15070,36410,3923,9046,1
38509,36212,13602,15065,11856,0
108346,44594,25734,10904,2738,1
34373,37934,33081,2116,8821,0
84751,39718,10857,23396,6316,1
106860,5659,31618,25521,10119,0
149236,48125,25887,23604,3794,0
104029,20893,25578,21437,11307,1
21481,42149,45750,10428,16087,0
100625,49340,38077,27577,10048,0
27572,6503,39554,16670,10138,0
52134,44044,39174,21107,15089,0
96265,13270,26206,16164,8556,0
89078,43560,36405,20489,19612,0
133229,20947,17764,17630,11252,0
131650,45066,23411,12060,18538,1
100389,7785,15110,25852,4766,1
126957,28030,23232,5723,19321,0
86633,44820,18540,23865,13294,0
131949,14210,11216,28286,14094,0
129977,47265,13314,27922,5860,0
90761,47036,43748,28575,8328,0
137155,19677,22171,17274,1102,0
138752,39154,32131,28046,14790,1
126521,16094,15118,9881,16675,0
147091,30750,48478,15728,19012,1
56786,13711,24836,11334,14165,0
43128,32200,28230,1637,15250,0
54177,5912,14879,8316,6911,1
99455,46255,32027,12721,18914,1
145134,49783,25283,9791,10765,0
108484,49908,43013,6376,7524,1
129044,37439,13699,19617,12704,0
32073,42494,39531,6336,3686,0
40921,42445,35151,7392,11983,1
79422,26128,40394,26041,4604,0
70142,20170,30953,8574,7294,0
89550,18171,22869,15937,16524,0
96423,49035,33775,1777,13100,1
34021,7630,31091,2585,19935,0
44074,9088,24047,2386,8724,0
144194,36402,35106,28874,10945,1
126636,28899,29076,19398,13702,1
87737,49336,15088,7874,17162,0
64947,16007,44754,12078,11889,0
53053,6741,31259,2536,1006,0
105698,36198,17109,27126,18195,1
103326,21817,11361,5145,19298,1
39938,36828,37948,25502,9486,0
107223,22127,21405,25963,1041,1
29726,16477,42840,27083,8770,1
100634,45609,22089,15782,16875,0
25727,13462,12048,17578,4327,1
76800,38991,14315,15110,4055,1
67541,48847,45000,20769,8930,0
57727,34499,48257,4960,6184,1
110045,24082,15500,26284,8185,0
68082,49396,48789,13379,18187,1
40440,28280,45979,9556,18250,0
140857,28223,10945,18593,19503,1
109181,24696,17571,29356,2103,0
42628,19835,32173,2975,12002,0
40876,41108,22014,14054,19158,1
131919,48492,38898,20725,12233,1
32555,33065,25861,15161,13580,0
130855,26344,31602,5806,8930,0
128533,30617,13163,4240,2545,0
42060,25668,28158,19583,5374,1
87566,29982,37560,29838,4240,1
78281,12493,25701,17705,18162,0
93413,28083,18496,15390,7520,1
118449,37930,24034,8883,1144,1
64049,24188,33427,15551,14930,0
75202,38849,29963,8551,1566,1
49851,9330,11889,20619,6784,0
139821,16374,41803,1785,11720,1
143890,39825,23241,28405,3132,1
137984,35374,14658,3625,12360,0
35699,23406,38213,4156,18558,0
127268,37931,37156,9124,9356,1
20814,12141,34808,12051,1867,1
48797,41329,13379,17471,15976,0
92173,13330,17434,22204,5639,1
46938,41443,31744,23887,19698,1
69716,19058,19276,21930,9686,0
58089,46308,33019,18827,19914,0
83000,27563,18284,7074,18091,0
87253,33017,46242,6447,6058,0
87225,45130,11408,4511,1336,0
136666,15256,49769,18444,3573,0
55855,5686,47424,12110,8596,1
61954,10902,24280,27051,13220,0
87939,46882,25669,18251,18843,0
23891,45005,33469,1435,10844,1
32202,25688,12150,16097,14894,0
105419,20087,49068,20396,14365,0
147689,14635,43977,4060,10793,0
123237,28052,25509,19183,13253,1
113471,39255,48478,27043,1218,0
44604,36729,26422,13076,16223,1
139543,5462,33762,7094,14077,1
147153,27436,20311,29340,7563,0
92698,44164,44413,22717,11554,1
135407,38363,24657,20694,9662,0
105572,7778,34513,23354,7868,1
138396,38957,49777,24771,11660,0
93925,32602,39867,11495,16646,1
112736,34030,33898,9599,18812,1
54612,6214,20985,15121,16085,1
67573,36920,37557,13840,18416,1
116448,9645,45472,11295,3200,0
29723,36346,40297,24794,19711,0
33029,12728,11716,14376,11115,0
100669,45984,41419,14669,3064,0
106590,8451,29665,10942,1372,1
66396,17824,20773,1719,4069,1
114517,7635,48338,18768,6693,0
118247,49723,14437,8707,18209,1
133141,38269,13560,2099,5173,0
80019,31677,30169,6632,1179,1
22556,8666,10753,8650,7847,1
34567,13223,40535,20905,13474,1
130174,21199,40181,17055,1402,1
25660,12102,29573,19928,11929,1
124185,22948,30158,14588,10735,0
131598,24994,13994,17442,14645,0
129564,17043,45180,11479,2091,0
110635,19479,37758,11370,2707,0
91018,6786,42560,8177,12478,0
51826,23734,49050,25685,2414,1
63912,27744,16806,10075,10095,0
95580,37333,33584,15979,7228,1
64111,27086,19045,19507,3886,0
86775,31801,11282,11827,8576,1
142835,25818,24422,29848,1984,1
92484,26040,23102,10282,3967,1
144556,30791,19097,8692,2265,1
32653,46882,16977,1379,1922,1
38283,30146,29380,17503,17549,0
84448,34617,20805,17452,3220,1
37154,36407,15849,2836,8590,0
83167,46908,47397,13589,4306,0
72194,40853,39625,9491,12325,1
149072,41701,16336,9902,8134,0
129764,13502,49445,1388,9577,0
97820,27764,41226,1183,13882,1
52489,9040,37129,20290,11982,0
37218,34371,47400,28771,15179,0
78267,8557,33660,22612,19183,0
118469,46488,43283,21601,11755,0
90985,35052,41010,29349,18812,0
30273,13150,44723,1990,16934,0
148271,39382,25615,9859,10832,0
54905,33023,12020,12873,8372,1
53438,21124,35279,27521,17847,0
37721,8300,23300,5119,11665,0
122087,31186,35933,24368,2427,0
132732,32652,30181,3366,9133,1
111796,36372,28606,5878,14366,1
93126,35294,24610,10707,5232,1
82776,33697,43540,2938,17604,0
54613,5064,43857,20310,16435,1
130388,36059,42445,6501,2220,0
137189,8548,29818,21207,12671,0
145683,9968,38571,10598,14641,1
91504,34877,31530,18380,19504,0
69095,22519,28398,29422,5487,0
97910,33176,11993,10621,12589,0
113156,6737,24065,28228,10720,1
127408,19747,47551,25754,10139,1
130699,15044,38117,13113,4160,0
133867,10450,24292,14075,19673,1
67143,21630,11781,5265,18776,1
65415,13825,42460,10290,13151,1
110356,11191,23018,27891,10748,0
91827,14729,34018,8700,12547,0
24577,35976,29581,12492,14509,0
146903,48534,24013,15584,17665,0
112092,5045,33867,12636,15686,0
43785,15446,20163,4078,18683,0
67277,6242,42569,29425,17122,1
99796,15650,27662,2058,6210,0
113411,46108,25915,9840,17787,0
129862,35620,20029,26152,1567,1
118911,6836,47127,21944,13820,1
52204,12425,30929,20593,13767,0
33287,18638,31938,10533,9407,0
61369,5793,38493,6101,19709,0
145693,28376,21123,4282,2187,1
98489,36369,39036,1937,16370,0
29927,25946,28783,24980,2665,1
115893,36886,23207,19857,7067,0
57162,7864,33781,18149,18523,1
146865,25415,46261,29923,6904,1
106889,36799,38633,12534,14742,1
58415,14084,13768,15750,15135,0
84400,19903,37865,26345,4788,1
29135,14129,48276,2627,13144,0
88485,29639,26333,15170,12927,1
112031,41797,15166,12458,18125,0
122449,48176,17898,2511,4834,1
30495,7348,39161,11578,1540,1
97404,27155,22668,4590,7378,0
129618,33257,40764,12560,7666,1
47869,26584,16818,16353,8285,0
135887,26215,30607,27124,2606,1
105218,35822,42305,7976,17600,0
94137,14161,28683,7430,7227,0
43989,20968,33348,3057,13366,0
105274,31193,29455,26815,10179,1
54558,29998,39644,4593,6298,1
50102,21477,42418,2277,7853,1
42594,39661,49787,7026,5924,0
134931,26969,49821,25914,6432,1
67207,39037,44936,22838,4365,0
67175,33518,21153,9759,17610,0
91609,47296,19452,17645,2176,0
103555,29211,31883,5553,13612,1
103204,32521,42015,24734,18065,1
141761,15233,27968,16732,7773,1
95725,34293,23116,4312,18489,1
59635,30530,13346,26549,9818,0
69463,21277,42950,9184,19019,0
84964,20620,18855,9995,2203,0
92584,39871,34699,24975,18343,0
84433,38441,33818,5361,10010,0
121914,37285,14390,3556,16468,0
105180,38060,49466,15841,16776,1
130756,16466,22490,5396,9789,0
147070,49694,29845,23408,3019,1
43462,33568,19523,19164,11765,1
147331,29050,24808,19438,14262,0
41427,42719,25594,11830,5099,1
60084,39728,37182,20931,9814,1
81433,46211,14289,16890,9837,1
95532,35231,31271,1196,14833,0
96489,33769,26545,14318,11053,1
71991,28148,34638,10322,14838,1
100574,32458,14158,4185,19704,1
27644,24114,22185,26571,19538,1
143865,34345,40416,5915,2294,0
24959,5281,44244,26465,11505,0
71559,48211,21598,2513,8292,0
28170,15049,29566,7939,11509,0
43847,40729,23114,10638,4459,0
115979,12601,10581,19205,17412,0
38920,10005,27082,25795,9669,0
97329,23611,43584,15492,10331,0
100858,9069,11560,13507,17183,0
133528,49063,37302,17652,2996,0
134212,40900,34796,10246,10104,0
36318,22324,49555,2804,12434,1
111624,22213,23867,27321,9969,0
68355,37545,14293,11374,15249,0
59747,40505,29176,3335,9946,1
120528,33555,43233,22978,18256,1
121009,46024,24453,29647,7952,1
73313,42237,16571,9414,16491,1
102296,24931,23648,22144,7578,0
137094,33029,23692,13302,18778,1
146518,31147,33040,14736,7218,1
109734,29166,15236,11800,9778,1
97335,42328,27745,23183,9394,1
114548,19085,49385,8769,16158,0
79253,14025,17603,28693,9141,1
55807,30808,35368,23033,6519,0
57957,8381,15930,19337,4255,1
71867,22068,46452,15523,18330,1
121079,7748,35019,28030,7956,1
97545,19792,33812,10064,15404,0
122582,19584,18187,5083,6682,0
138785,23668,39186,22252,4048,1
82789,38805,49024,23031,18036,0
143173,48478,38914,20911,1526,1
23181,26975,32189,8413,11256,0
58033,19258,42443,1197,8815,1
96695,36419,34858,22083,6289,0
111278,17808,40850,12371,4353,1
77245,16340,38605,13519,6919,1
100176,38222,39877,4629,16984,1
80181,21206,20618,8062,15431,0
33924,29967,49159,21709,12041,0
73693,40507,36914,26025,12569,0
29316,37130,37546,18160,5010,0
73269,26027,14266,23793,10931,0
76395,15504,45451,4366,1045,1
133319,9104,42563,16814,11715,1
114115,11337,14557,16087,9669,0
59513,41121,11199,15165,18137,1
130322,46440,45589,23317,10966,0
36072,44488,17146,6074,15330,0
110644,45382,39964,7308,19954,1
31618,23381,11840,22111,10314,1
28673,6193,49188,7088,18307,1
50324,9360,31155,29937,18456,0
42214,17023,30829,28388,4088,1
116380,39328,43591,12950,9526,1
147631,41018,30744,28502,15513,1
87124,20243,38029,24219,11697,0
146329,18464,15243,22334,13153,0
84015,49069,30705,20517,7364,1
147518,45940,20190,28015,7149,1
111848,14006,13140,15312,11033,0
145902,8420,30789,5934,19235,0
96084,47304,20229,29862,12344,0
36675,38325,22142,3266,3545,1
33531,7650,15573,13705,8763,1
78435,10993,30815,21949,7526,1
136393,40265,17353,1185,10096,0
59565,40119,22193,15226,6812,0
104176,25609,49766,2236,1196,0
91198,16292,37285,1221,15230,0
118729,20635,49793,23426,7020,1
50891,37956,36629,1571,13452,0
139557,11916,31029,24478,6164,1
76173,37109,17139,29789,6273,0
22210,8666,34503,24357,14911,1
94952,28264,48019,1852,8703,1
71730,8352,36077,29976,17089,1
95856,10028,27915,15394,11141,1
101681,27955,29613,24352,3315,0
126631,8966,41407,26927,18317,1
37973,37931,42617,6147,9202,1
117200,38699,29013,28810,6128,0
126961,18399,46804,20222,12335,1
133305,35135,18148,17085,3506,0
39034,37873,28608,17802,15700,0
77562,42064,30011,16086,19215,1
21259,44574,13594,10346,9976,1
60489,37533,41402,23542,4107,0
20945,35405,49023,27583,2263,0
63563,30475,37210,11648,2930,0
37084,44627,19698,22718,9428,0
76276,46809,15930,29171,6814,1
123740,32279,14001,2472,12524,0
34094,36665,20814,14531,16054,0
100352,26158,35703,21873,6600,1
87226,16325,37483,4739,18178,1
90545,18176,17483,22189,2968,1
140836,14188,37467,5023,8784,1
54905,22359,45377,29497,1900,0
62765,45657,25314,8500,2372,0
34381,41113,39831,8740,18454,0
25210,6359,30076,1688,4363,0
48631,15879,46107,9401,5520,0
116032,47586,39037,16664,17456,1
111795,32276,21237,23921,2938,0
45537,16912,49717,15107,19085,0
134560,5561,33863,5327,17623,1
127541,32364,16956,11461,10167,0
57780,44995,45400,25366,5437,0
103435,34291,22334,4662,9897,0
60634,44072,36756,9193,11885,0
94530,22586,17689,14057,1603,0
105772,42944,49567,15895,6911,0
114135,24297,44890,21968,13672,1
68581,48405,33228,25501,10069,1
40598,47356,33660,18681,12421,0
60121,18897,13725,3460,10752,0
142144,49726,29646,27557,11336,0
86075,42696,18979,15739,15114,0
136054,22945,49205,11810,19876,1
148693,12849,36740,24651,11836,1
85663,31819,19655,18979,13908,0
141974,14659,37776,23369,18415,0
95610,45351,45644,27388,13359,0
20880,12079,17922,26416,16318,1
64152,37836,33694,7890,5246,1
126313,10454,14541,9635,3211,0
68841,6371,21336,5626,6957,1
88630,6607,14826,17018,7724,0
94424,46885,24141,12362,10138,1
77961,31358,27464,4284,17338,1
129091,12299,14378,27678,12813,1
23242,37466,28985,19786,3185,1
123754,42907,35018,19222,16852,0
63064,6035,14216,24611,4007,0
116831,20844,47264,29863,12738,0
45682,14879,36619,14727,11474,0
149755,35168,49119,26183,19796,1
42856,28881,37862,6609,13545,1
135333,14639,42633,15504,11680,0
109169,27857,36588,18627,16868,1
67350,35690,10058,7172,12844,0
105406,18679,28702,1240,14558,1
105238,29002,31746,21030,1371,1
104181,27430,38807,28436,6256,1
24970,11614,23314,29412,9210,1
39154,49889,36778,10808,12292,0
131952,48814,24004,7368,18176,0
61782,33622,13563,14579,15617,0
74514,47376,10063,7575,11750,1
110085,34892,18558,1223,3309,0
123269,35918,12248,18382,4384,0
118068,40819,14125,11246,17293,0
115010,47366,45032,14673,1529,1
124866,22954,37739,12793,17249,0
85252,12677,41085,22861,12226,1
146046,25214,34629,27303,13422,1
132478,13818,19154,29242,8731,1
76275,12482,20700,11459,6821,1
124013,31166,11424,11248,2435,1
61782,45070,24621,29427,11519,0
132201,16366,32100,26146,8261,0
109787,18099,12149,22310,19596,1
139261,33623,27213,16433,19321,1
93670,28145,26286,26524,6487,1
66030,23442,14673,15246,13182,0
44221,44936,43653,17044,4166,0
105761,7724,18740,18705,12950,0
102092,33070,31325,25701,7622,0
113854,17422,16314,27291,6898,1
103074,31873,43777,16998,5231,1
119788,18116,42030,18886,5329,1
144274,24438,41943,26984,5675,1
31924,48456,22479,18993,19422,1
92099,17479,19592,20778,16057,1
26672,49014,31160,29204,8859,1
62409,32828,28929,13732,13163,1
143360,44375,28951,18960,18360,1
27784,34808,39382,22096,1630,0
32861,20292,16796,5136,16900,1
65265,24058,35703,1733,1755,0
37475,37080,24781,1672,4639,0
42458,9546,22760,18023,7062,1
77194,22007,49954,3286,6695,0
22065,38401,42166,6878,16378,1
132897,14992,38997,1796,12056,0
23738,42841,37524,5522,4583,1
81784,21748,27003,29430,18014,1
65853,31508,13477,29382,2332,1
96033,12953,11951,10238,13672,1
83647,33846,46856,11294,8739,1
121329,10859,41467,17926,5354,0
115179,40607,36579,18541,14340,1
146472,37123,45882,20645,4675,1
131844,37419,35062,13545,15564,0
72836,41815,12503,4328,12378,1
143475,43879,28849,15506,12004,1
75429,43903,30730,20766,15196,1
37698,49385,38237,12829,7395,0
44872,29561,48157,1428,17090,1
26961,12273,20103,15542,6596,0
81901,24006,23661,4114,5248,1
88731,36195,39633,1887,3725,0
59221,20033,36985,26188,6496,1
51061,49823,21423,9561,13708,1
24191,25436,21131,15819,7855,1
102340,49107,15464,7004,1284,1
70523,44599,24198,24153,3433,1
76181,30678,18940,8714,6790,1
32145,7094,16735,8014,1728,0
113713,39168,22043,29813,10978,0
138841,47985,36785,18128,1806,0
30037,6918,26859,18091,4291,1
124758,23730,27527,12998,16636,1
143218,32314,30965,22207,13085,1
43749,39410,10239,17212,14747,1
92725,23924,15972,13434,7211,1
53232,25142,48615,27638,9638,0
28568,11608,27544,18719,8304,0
92293,45875,23538,3233,6001,1
64742,34379,24325,1856,10802,0
109622,17024,38402,24652,2852,1
56636,27588,18567,4386,12799,1
30911,21063,40307,27734,5598,0
47331,5819,27448,4296,15982,1
146149,33539,49851,5902,2822,1
32474,13429,24675,23233,11979,0
147625,41820,47226,2814,6385,0
114295,23126,10667,23733,5213,1
133155,38336,11949,22722,9470,1
31003,17700,32521,21829,10469,0
106374,10031,35800,24168,5729,0
105692,7144,22177,27578,12988,0
140422,48793,33180,2905,15839,0
39626,21050,11243,19183,2072,0
75390,48638,26140,17054,17769,0
140538,39066,45172,11249,15278,1
60576,35504,33922,19854,16818,0
102983,15894,38731,21146,14359,1
93209,37137,12972,1325,8793,0
98648,34163,16762,24302,10116,0
134197,20015,45029,29519,14432,0
101388,31076,29046,7729,8174,0
128155,6607,37885,9880,15145,1
143863,48462,27160,12142,17406,1
32864,18176,25448,15042,17349,0
90212,6356,40144,15826,11074,1
125617,5808,10611,28848,7275,1
24016,15354,10175,11523,4925,0
131931,46560,17828,14922,19338,0
108326,25700,34979,2554,4993,1
30623,49689,13029,21801,2860,0
40995,41633,31472,3261,16001,1
145730,17966,31704,5155,13252,0
48299,7139,46169,20064,16486,0
105542,41131,38307,6726,1545,0
63418,45605,23454,3404,14537,1
98439,14117,14654,22586,6573,0
29182,47954,12073,27730,17039,0
120650,17830,22415,12994,1819,0
142943,29394,31851,7964,15617,1
85231,37596,22149,19519,9806,1
30654,20812,45807,14830,12417,0
108153,23391,42143,23930,18190,1
121318,19988,39087,22646,15338,1
76071,24297,45549,19479,10416,1
37870,49207,37787,23659,18165,0
62653,39705,37193,12496,10603,0
103154,5291,13935,4969,14075,1
141554,26632,10430,17267,13193,0
127145,18491,49566,11875,1613,1
41660,40617,40473,3075,2801,0
26784,8425,39716,15302,12480,1
28783,8079,28161,16110,4722,1
31493,38753,18779,28598,14412,1
118027,6286,46878,19176,19703,1
135691,21593,23376,18888,3464,0
76198,39532,32246,26511,4481,1
69982,33035,30997,7791,19468,0
120377,5443,35163,4881,11918,0
59258,34894,18061,5659,10190,0
84630,23166,38474,5456,6808,1
103230,28957,28930,20748,14024,0
79368,30471,36730,26854,10748,0
74331,45057,26470,25859,7079,0
40219,44658,48183,4282,16188,1
42298,44631,46044,23550,4902,1
63810,37626,35980,27519,3216,0
77573,27386,48814,21856,2518,1
120356,40367,24540,7389,12982,0
73614,19728,40647,5471,9631,1
128182,6885,26515,21290,3521,1
118332,19933,21278,29841,3788,0
41267,11863,10947,6893,12219,0
35592,19821,41377,18072,3678,1
142669,29650,36666,5812,7259,1
148589,44860,40133,8172,17382,0
85067,37404,10239,20397,5398,1
25505,7762,38315,22160,18809,1
118614,22785,21834,14580,3667,0
72042,25923,31657,25230,18105,1
100273,39544,12725,17060,14025,0
90401,14644,29593,23434,15425,0
48876,15135,23126,6032,6416,0
134430,37022,30168,12241,16956,1
90503,35159,20792,13124,4714,1
58487,14108,26618,25511,1608,1
117680,7206,22252,3900,11025,1
60655,46068,21302,17218,5158,1
119775,26551,17419,14844,4466,0
107559,13031,14268,3076,8601,1
143035,14259,28662,1204,3496,0
109159,26889,15340,19309,14717,0
55427,37452,31912,29714,3630,0
47434,6729,21922,3533,10178,0
132384,8841,12416,10779,12152,0
65747,9682,42775,22524,1321,1
47293,33360,23595,19427,13393,0
89433,19168,30938,14317,14371,1
28542,28182,20071,6655,15795,0
74019,44831,16859,10993,17036,1
65104,21155,12647,16782,7582,1
64247,42701,15147,22602,8335,1
135596,26225,27099,14263,10385,1
132179,7400,23277,22570,2762,0
148507,16074,36398,10412,4445,1
121232,49077,38390,5051,7313,1
76180,9004,35888,1079,12085,0
82048,16266,16708,12668,12056,0
122639,43477,36469,15353,10718,0
83390,43819,36304,1287,2760,0
107823,28278,15351,29788,1507,0
115853,19195,19043,9412,16521,0
38658,20806,10100,2551,7129,0
70378,8814,12489,1244,18504,0
37059,17191,26386,13947,11249,1
27666,38185,30668,9853,16785,0
126723,41022,22914,10777,13477,1
57093,21232,28666,9933,2557,1
76363,13976,20205,6475,7025,0
33016,14292,21708,23849,19103,1
90848,15186,31300,23122,15661,0
93077,44038,22577,26147,5684,1
131956,9471,45505,29102,18570,1
114122,17840,45617,16545,15926,0
79616,35197,29797,3741,18004,1
121800,11803,31145,7334,18927,0
136430,48040,48997,8554,15057,0
71146,39652,13370,14667,4486,1
41545,5546,48188,13236,10430,0
103982,30326,34110,11624,10572,1
76637,36571,26027,23772,16839,0
27293,49842,39687,11601,2365,0
27971,10816,48689,16289,19184,0
142685,33173,39638,8257,3311,1
71657,34979,15707,10232,16450,0
57631,40212,40122,27762,17910,1
32298,43298,38845,26394,4170,1
94793,41518,49505,25222,12481,1
99800,45235,25567,18663,2298,1
55700,45945,16829,1572,14333,0
36025,30112,10460,20065,17894,1
32999,30779,10278,17717,19323,1
94110,38654,23297,27351,5819,0
68667,24420,15122,5021,14280,0
102183,45815,40987,10372,18844,0
147270,21836,44978,6421,12476,0
102079,20515,15730,6261,15693,1
26230,25707,45213,25191,9547,0
128241,24022,34344,23870,3179,1
34425,17394,37774,8714,6984,0
62951,23283,15878,21448,3030,0
54705,19612,38781,2829,5518,1
100263,8753,36473,25368,18897,0
89319,11223,22449,1438,12478,0
111376,10339,23795,18837,19777,0
130269,13797,49245,2234,9868,1
143804,18130,47355,22460,18108,0
130541,13165,49511,17057,4882,1
74909,22873,11495,4153,15345,0
83702,9594,13766,2977,19575,0
117146,11351,24537,19147,18261,1
91085,8043,42503,11248,3198,0
24289,40789,36388,12339,11733,0
104574,37413,41771,26057,2467,1
129428,40161,46919,25561,18437,0
121395,38540,16158,26464,11874,0
134280,12683,41909,11713,13281,0
50413,6624,17824,5334,7940,0
102570,43549,44250,27621,8108,1
116478,11456,22742,5310,12944,0
123429,35185,16128,10873,18820,1
142823,17214,21704,8043,2055,0
33297,19344,25142,7744,13429,0
130657,31472,40056,7600,5676,0
133970,42665,43186,18610,13024,0
26858,30981,42762,12672,8122,0
125321,8524,41823,22423,4802,1
143628,11336,12433,2122,12176,0
125685,7006,10620,17522,2553,0
120931,31338,10717,25056,19320,1
117088,24191,19194,23201,9893,1
108809,8450,39629,24167,7064,1
29393,9002,42039,22195,8442,0
133554,38859,45662,26576,17930,0
130410,43637,48894,19229,18239,0
111893,38750,32712,29507,6341,1
135593,39512,21667,8989,9536,1
98057,32128,42898,6346,16171,1
85128,19113,10230,13471,9026,1
101312,19674,29029,19532,11549,0
65657,20784,34356,18767,9427,1
49417,10346,43229,19239,4109,1
84847,23985,41002,5157,15482,1
58457,46138,11934,9676,11217,0
87471,49471,23497,28585,6118,1
87991,35455,20456,5582,1383,1
77590,45512,18529,22609,7455,0
23312,49804,40762,7403,10373,0
28221,23725,34294,11790,3962,1
64058,45539,37930,5822,18522,0
88780,29106,25791,16655,9107,1
98078,24119,21498,1288,6086,0
56411,35732,47273,19083,15012,1
69519,26492,10406,16273,16339,0
53228,21685,29900,10554,16070,0
86404,33388,43771,22651,1349,1
36363,36865,32198,28861,16752,1
92390,49439,19520,7807,3626,1
22253,48756,40079,19969,4181,0
107181,18015,33974,18569,7244,1
64735,42190,48545,23111,7911,0
38842,12111,47280,7951,5002,1
120111,11916,22581,19305,5635,1
28516,41167,26293,8718,7681,0
36090,26004,46259,3121,9976,1
32362,6264,22667,25809,4369,1
52363,33350,20424,29192,17062,0
145441,21814,12627,13594,6757,1
87369,29213,19549,14356,1976,0
123545,25172,33933,13682,18659,1
107423,42632,16360,1917,18196,1
38166,48643,41793,1445,14625,0
143813,9311,13115,11673,6073,0
84997,30801,48146,5696,6729,0
45876,15362,47363,9271,15682,1
53992,41641,12231,5579,6590,1
30552,30933,27685,5754,2263,0
39099,9530,14437,2475,19311,0
132520,7456,11264,26962,12237,1
133993,30060,20865,19697,16194,1
119034,27234,10377,15825,2891,0
43282,33493,28448,10561,17917,0
62230,37972,32250,3142,18867,1
125532,24476,43839,29977,9699,1
39812,28800,15524,13716,7651,0
144504,20985,48557,6159,15720,0
66320,33705,27238,9360,11735,0
31448,9622,37875,9907,9224,0
64547,34199,12341,9469,15682,0
148318,10056,41570,9917,12634,0
79090,43268,37540,2591,1045,0
88081,6694,24154,14830,14483,0
41700,41661,39113,16973,14023,1
35585,31417,12632,8777,4733,0
110526,21773,19907,6283,16468,0
41453,44034,28350,29688,1030,1
75513,19160,15477,20194,12672,1
128883,24926,38597,27977,7547,1
109672,25449,12323,1484,15871,1
62695,25096,47339,21381,14329,0
131559,40165,48051,11652,6901,1
39591,13789,36288,7367,8513,0
79745,47678,48576,24767,10601,0
126688,8674,30045,18722,17252,1
119118,27639,19639,25871,19385,0
124088,49135,47329,27864,18789,1
96574,20945,39190,20445,2680,1
65339,29454,35627,14777,6255,1
105154,9252,19275,19199,11284,0
55099,19649,43982,7513,3972,1
90760,43454,19127,4384,5755,0
123779,34062,42555,22754,1898,0
